<?xml version="1.0"?>
<!--
/**
 * Copyright © 2015 RokanThemes.com. All rights reserved.

 * @author RokanThemes Team <contact@rokanthemes.com>
 */
-->
<config xmlns:xsi="http://www.w3.org/2001/XMLSchema-instance" xsi:noNamespaceSchemaLocation="urn:magento:module:Magento_Config:etc/system_file.xsd">
    <system>
        <section id="mfblog" translate="label" type="text" sortOrder="1" showInDefault="1" showInWebsite="1" showInStore="1">
            <class>separator-top</class>
            <label>Blog</label>
            <tab>rokanthemes</tab>
            <resource>Rokanthemes_Blog::config_blog</resource>
            <group id="general" translate="label" type="text" sortOrder="5" showInDefault="1" showInWebsite="1" showInStore="1">
                <label>Blog Slider</label>
                <field id="enable_frontend" translate="label comment" type="select" sortOrder="0"  showInDefault="1" showInWebsite="1" showInStore="1">
                    <label>Enable</label>
                    <comment>Enable frontend</comment>
                    <source_model>Magento\Config\Model\Config\Source\Yesno</source_model>
                </field>
				<field id="title" translate="label" type="textarea" sortOrder="2" showInDefault="1" showInWebsite="1" showInStore="1">
                    <label>Title Blog Slider</label>
                </field>
				<field id="blog_description" translate="label" type="textarea" sortOrder="2" showInDefault="1" showInWebsite="1" showInStore="1">
                    <label>Short description</label>
                </field>
				<field id="auto" translate="label comment" type="select" sortOrder="4"  showInDefault="1" showInWebsite="1" showInStore="1">
                    <label>Auto slide:</label>
                    <source_model>Magento\Config\Model\Config\Source\Yesno</source_model>
                </field>
				<field id="speed" translate="label" type="text" sortOrder="6" showInDefault="1" showInWebsite="1" showInStore="1">
					<depends>
						<field id="auto">1</field>
					</depends>
                    <label>Slideshow Speed</label>
                </field>
				<field id="pagination" translate="label" type="text" sortOrder="7" showInDefault="1" showInWebsite="1" showInStore="1">
                    <label>Pause Speed</label>
                </field>
				<field id="default" translate="label" type="text" sortOrder="10" showInDefault="1" showInWebsite="1" showInStore="1">
                    <label>Items Default</label>
                </field>
				<field id="desktop" translate="label" type="text" sortOrder="12" showInDefault="1" showInWebsite="1" showInStore="1">
                    <label>Items On Desktop</label>
                </field>
				<field id="desktop_small" translate="label" type="text" sortOrder="14" showInDefault="1" showInWebsite="1" showInStore="1">
                    <label>Items On Desktop Small</label>
                </field>
				<field id="tablet" translate="label" type="text" sortOrder="16" showInDefault="1" showInWebsite="1" showInStore="1">
                    <label>Items On Tablet</label>
                </field>
				<field id="mobile" translate="label" type="text" sortOrder="18" showInDefault="1" showInWebsite="1" showInStore="1">
                    <label>items On Mobile</label>
                </field>
				<field id="rows" translate="label" type="text" sortOrder="20" showInDefault="1" showInWebsite="1" showInStore="1">
                    <label>Number Rows Show</label>
                </field>
				<field id="show_next_back" translate="label comment" type="select" sortOrder="24"  showInDefault="1" showInWebsite="1" showInStore="1">
                    <label>Show Next/Back control</label>
                    <source_model>Magento\Config\Model\Config\Source\Yesno</source_model>
                </field>
				<field id="show_navigation_control" translate="label comment" type="select" sortOrder="26"  showInDefault="1" showInWebsite="1" showInStore="1">
                    <label>Show navigation control</label>
                    <source_model>Magento\Config\Model\Config\Source\Yesno</source_model>
                </field>
            </group>
            <group id="index_page" translate="label" type="text" sortOrder="20" showInDefault="1" showInWebsite="1" showInStore="1">
                <label>Blog Index Page</label>

                <field id="title" translate="label comment" type="text" sortOrder="10" showInDefault="1" showInWebsite="1" showInStore="1">
                    <label>Title</label>
                </field>
                <field id="meta_keywords" translate="label comment" type="textarea" sortOrder="20" showInDefault="1" showInWebsite="1" showInStore="1">
                    <label>Meta Keywords</label>
                </field>
                <field id="meta_description" translate="label comment" type="textarea" sortOrder="30" showInDefault="1" showInWebsite="1" showInStore="1">
                    <label>Meta Description</label>
                </field>    
            </group>

            <group id="post_view" translate="label" type="text" sortOrder="30" showInDefault="1" showInWebsite="1" showInStore="1">
                <label>Post View</label>

                <group id="related_posts" translate="label" type="text" sortOrder="10" showInDefault="1" showInWebsite="1" showInStore="1">
                    <label>Related Posts</label>
                    <field id="enabled" translate="label comment" type="select" sortOrder="10" showInDefault="1" showInWebsite="1" showInStore="1">
                        <label>Display Related Posts</label>
                        <source_model>Magento\Config\Model\Config\Source\Yesno</source_model>
                    </field>

                    <field id="number_of_posts" translate="label comment" type="text" sortOrder="20" showInDefault="1" showInWebsite="1" showInStore="1">
                        <label>Number of Posts</label>
                        <depends>
                            <field id="enabled">1</field>
                        </depends>
                    </field>
                </group>

                <group id="related_products" translate="label" type="text" sortOrder="20" showInDefault="1" showInWebsite="1" showInStore="1">
                    <label>Related Products</label>
                    <field id="enabled" translate="label comment" type="select" sortOrder="10" showInDefault="1" showInWebsite="1" showInStore="1">
                        <label>Display Related Products</label>
                        <source_model>Magento\Config\Model\Config\Source\Yesno</source_model>
                    </field>

                    <field id="number_of_products" translate="label comment" type="text" sortOrder="20" showInDefault="1" showInWebsite="1" showInStore="1">
                        <label>Number of Products</label>
                        <depends>
                            <field id="enabled">1</field>
                        </depends>
                    </field>
                </group>

                <group id="comments" translate="label" type="text" sortOrder="30" showInDefault="1" showInWebsite="1" showInStore="1">
                    <label>Comments</label>
                    <field id="type" translate="label comment" type="select" sortOrder="10" showInDefault="1" showInWebsite="1" showInStore="1">
                        <label>Comments</label>
                        <source_model>Rokanthemes\Blog\Model\Config\Source\CommetType</source_model>
                    </field>

                    <field id="number_of_comments" translate="label comment" type="text" sortOrder="20" showInDefault="1" showInWebsite="1" showInStore="1">
                        <label>Number of Comments</label>
                        <depends>
                            <field id="type">facebook</field>
                        </depends>
                    </field>

                    <field id="fb_app_id" translate="label comment" type="text" sortOrder="30" showInDefault="1" showInWebsite="1" showInStore="1">
                        <label>Facebook Application ID</label>
                        <depends>
                            <field id="type">facebook</field>
                        </depends>
                        <comment><![CDATA[
                            <a href="https://help.yahoo.com/kb/SLN18861.html" target="_blank">
                                How do I get a Facebook Application ID?
                            </a>
                        ]]></comment>
                    </field>

                    <field id="disqus_forum_shortname" translate="label comment" type="text" sortOrder="40" showInDefault="1" showInWebsite="1" showInStore="1">
                        <label>Your Disqus Forum Shortname</label>
                        <depends>
                            <field id="type">disqus</field>
                        </depends>
                        <comment><![CDATA[
                            <a href="https://help.disqus.com/customer/portal/articles/466208" target="_blank">
                                What's a shortname?
                            </a>
                        ]]></comment>
                    </field>
                </group>
            </group>

            <group id="post_list" translate="label" type="text" sortOrder="40" showInDefault="1" showInWebsite="1" showInStore="1">
                <label>Post List</label>
                <field id="posts_per_page" translate="label comment" type="text" sortOrder="10" showInDefault="1" showInWebsite="1" showInStore="1">
                    <label>Posts Per Page</label>
                </field>
            </group>

            <group id="sidebar" translate="label" type="text" sortOrder="50" showInDefault="1" showInWebsite="1" showInStore="1">
                <label>Sidebar</label>
                <group id="search" translate="label" type="text" sortOrder="10" showInDefault="1" showInWebsite="1" showInStore="1">
                    <label>Search Form Widget</label>
                        <field id="enabled" translate="label comment" type="select" sortOrder="10" showInDefault="1" showInWebsite="1" showInStore="1">
                        <label>Enabled</label>
                        <source_model>Magento\Config\Model\Config\Source\Yesno</source_model>
                    </field>
                    <field id="sort_order" translate="label comment" type="text" sortOrder="20" showInDefault="1" showInWebsite="1" showInStore="1">
                        <label>Sort Order</label>
                    </field>
                </group>
                <group id="categories" translate="label" type="text" sortOrder="20" showInDefault="1" showInWebsite="1" showInStore="1">
                    <label>Categories Widget</label>
                        <field id="enabled" translate="label comment" type="select" sortOrder="10" showInDefault="1" showInWebsite="1" showInStore="1">
                        <label>Enabled</label>
                        <source_model>Magento\Config\Model\Config\Source\Yesno</source_model>
                    </field>
                    <field id="sort_order" translate="label comment" type="text" sortOrder="20" showInDefault="1" showInWebsite="1" showInStore="1">
                        <label>Sort Order</label>
                    </field>
                </group>
                <group id="recent_posts" translate="label" type="text" sortOrder="30" showInDefault="1" showInWebsite="1" showInStore="1">
                    <label>Recent Posts Widget</label>
                        <field id="enabled" translate="label comment" type="select" sortOrder="10" showInDefault="1" showInWebsite="1" showInStore="1">
                        <label>Enabled</label>
                        <source_model>Magento\Config\Model\Config\Source\Yesno</source_model>
                    </field>
                    <field id="posts_per_page" translate="label comment" type="text" sortOrder="20" showInDefault="1" showInWebsite="1" showInStore="1">
                        <label>Posts Number</label>
                    </field>
                    <field id="sort_order" translate="label comment" type="text" sortOrder="30" showInDefault="1" showInWebsite="1" showInStore="1">
                        <label>Sort Order</label>
                    </field>
                </group>
                <group id="archive" translate="label" type="text" sortOrder="40" showInDefault="1" showInWebsite="1" showInStore="1">
                    <label>Archive Widget</label>
                        <field id="enabled" translate="label comment" type="select" sortOrder="10" showInDefault="1" showInWebsite="1" showInStore="1">
                        <label>Enabled</label>
                        <source_model>Magento\Config\Model\Config\Source\Yesno</source_model>
                    </field>
                    <field id="sort_order" translate="label comment" type="text" sortOrder="20" showInDefault="1" showInWebsite="1" showInStore="1">
                        <label>Sort Order</label>
                    </field>
                </group>
            </group>

            <group id="rss_feed" translate="label" type="text" sortOrder="60" showInDefault="1" showInWebsite="1" showInStore="1">
                <label>Rss Feed</label>
                <field id="title" translate="label comment" type="text" sortOrder="10" showInDefault="1" showInWebsite="1" showInStore="1">
                    <label>Feed Title</label>
                </field>
                <field id="description" translate="label comment" type="textarea" sortOrder="20" showInDefault="1" showInWebsite="1" showInStore="1">
                    <label>Feed Description</label>
                </field>
            </group>
        </section>
    </system>
</config>
