<?xml version="1.0"?>
<!--
/**
 * Copyright © 2015 Inchoo d.o.o.
 * created by Zoran Salamun(zoran.salamun@inchoo.net)
 * Module is created for Custom Router demonstration
 */
-->
<config xmlns:xsi="http://www.w3.org/2001/XMLSchema-instance" xsi:noNamespaceSchemaLocation="../../../../../../lib/internal/Magento/Framework/ObjectManager/etc/config.xsd">
    <type name="Magento\Framework\App\RouterList">
        <arguments>
            <argument name="routerList" xsi:type="array">
                <item name="storelocator" xsi:type="array">
                    <item name="class" xsi:type="string">FME\StorePickup\Controller\Router</item>
                    <item name="disable" xsi:type="boolean">false</item>
                    <item name="sortOrder" xsi:type="string">60</item>
                </item>
            </argument>
        </arguments>
    </type>
    <type name="Magento\Checkout\Model\CompositeConfigProvider">
        <arguments>
            <argument name="configProviders" xsi:type="array">
                <item name="inStoreConfig" xsi:type="object">FME\StorePickup\Model\StorePickupConfigProvider</item>
            </argument>
        </arguments>
    </type>
</config>