<?xml version="1.0"?>
<!--
/**
 * Rokanthemes Infotech
 * Rokanthemes Instagram Extension
 * 
 * @category   Rokanthemes
 * @package    Rokanthemes_Instagram
 * @copyright  Copyright © 2006-2016 Rokanthemes (https://www.rokanthemesinfotech.com)
 * @license    https://www.rokanthemesinfotech.com/magento-extension-license/
 */
-->
<config xmlns:xsi="http://www.w3.org/2001/XMLSchema-instance" xsi:noNamespaceSchemaLocation="../../../Config/etc/system_file.xsd">
    <system>
        <tab id="instagram" translate="label" sortOrder="10">
            <label>Instagram</label>
        </tab>
        <section id="instagramsection" translate="label" type="text" sortOrder="90" showInDefault="1" showInWebsite="1" showInStore="1">
            <label>Configuration</label>
            <tab>instagram</tab>
            <resource>Rokanthemes_Instagram::instagram_config</resource>
            <group id="instagramgroup" translate="label" type="select" sortOrder="15" showInDefault="1" showInWebsite="1" showInStore="1">
                <label>General</label>
                <field id="active" translate="label" type="select" sortOrder="5" showInDefault="1" showInWebsite="1" showInStore="1">
                    <label>Enable </label>
                    <source_model>Magento\Config\Model\Config\Source\Yesno</source_model>
                    <comment>Select Yes to enable module on frontend.</comment>
                </field>
                <field id="userid" translate="label comment" type="text" sortOrder="10" showInDefault="1" showInWebsite="1" showInStore="1">
                    <label>User Id</label>
                    <comment><![CDATA[set User Id]]></comment>
                    <depends>
                        <field id="active">1</field>
                    </depends>
                    <validate>required-entry</validate>   
                </field>
                <field id="accesstoken" translate="label comment" type="text" sortOrder="15" showInDefault="1" showInWebsite="1" showInStore="1">
                    <label>Access Token</label>
                    <comment><![CDATA[set Instagram Access Token]]></comment>
                    <depends>
                        <field id="active">1</field>
                    </depends>
                    <validate>required-entry</validate>  
                </field>
                <field id="selectimageresolution" translate="label comment" type="select" sortOrder="20" showInDefault="1" showInWebsite="1" showInStore="1">
                    <label><![CDATA[Select Resolution of Image]]></label>
                    <source_model>Rokanthemes\Instagram\Model\Source\Resolution</source_model>
                    <comment><![CDATA[Resolution of Instagram image.]]></comment>
                    <depends>
                        <field id="active">1</field>
                    </depends>
                </field>
            </group>
        </section>
    </system>
</config>
