<?xml version="1.0"?>
<config xmlns:xsi="http://www.w3.org/2001/XMLSchema-instance" xsi:noNamespaceSchemaLocation="urn:magento:framework:ObjectManager/etc/config.xsd">

    <preference for="Setblue\PriceDecimal\Model\ConfigInterface" type="Setblue\PriceDecimal\Model\Config" />
    <preference for="Magento\Framework\CurrencyInterface" type="Setblue\PriceDecimal\Model\Currency" />

    <type name="Magento\Framework\Pricing\PriceCurrencyInterface">
        <plugin name="Setblue_price_decimal_price_currency" type="Setblue\PriceDecimal\Model\Plugin\PriceCurrency" sortOrder="10" disabled="false"/>
    </type>
    <type name="Magento\Framework\Locale\FormatInterface">
        <plugin name="Setblue_price_decimal_local_format" type="Setblue\PriceDecimal\Model\Plugin\Local\Format" sortOrder="10" disabled="false"/>
    </type>
    <type name="Magento\Sales\Api\Data\OrderInterface">
        <plugin name="Setblue_price_decimal_for_orders" type="Setblue\PriceDecimal\Model\Plugin\OrderPlugin" sortOrder="10" disabled="false"/>
    </type>

    <type name="Magento\Framework\CurrencyInterface">
        <plugin name="Setblue_price_decimal_for_currency" type="Setblue\PriceDecimal\Model\Plugin\Currency" sortOrder="10" disabled="false"/>
    </type>

</config>
