<?xml version="1.0" encoding="UTF-8"?>
<!--
/**
 * Copyright © 2015 Magento. All rights reserved.
 * See COPYING.txt for license details.
 */
-->
<widgets xmlns:xsi="http://www.w3.org/2001/XMLSchema-instance"
         xsi:noNamespaceSchemaLocation="../../../Magento/Widget/etc/widget.xsd">
    <widget id="category_producttab_list" class="Rokanthemes\Categorytab\Block\CateWidget" is_email_compatible="true"
            placeholder_image="Magento_CatalogWidget::images/products_list.png" ttl="86400">
        <label translate="true">Category Products Tab List</label>
        <description translate="true">List of Category Products</description>
        <parameters>
            <parameter name="title" xsi:type="text" required="false" visible="true">
                <label translate="true">Title</label>
            </parameter>
			<parameter name="banner_home_category" xsi:type="text" required="false" visible="true">
                <label translate="true">Banner Home Category</label>
            </parameter>
			<parameter name="from_price_category" xsi:type="text" required="false" visible="true">
                <label translate="true">Enter From Price</label>
            </parameter>
			<parameter name="icon_home_category" xsi:type="text" required="false" visible="true">
                <label translate="true">Icon Home Category</label>
            </parameter>
			<parameter name="color_box" xsi:type="select" required="true" visible="true">
                <label translate="true">Color Box</label>
                <options>
                    <option name="red_box" value="red-box" selected="true">
                        <label translate="true">Red Box</label>
                    </option>
                    <option name="yellow_box" value="yellow-box">
                        <label translate="true">Yellow Box</label>
                    </option>
                    <option name="pink_box" value="pink-box">
                        <label translate="true">Pink Box</label>
                    </option>
					<option name="blue_box" value="blue-box">
                        <label translate="true">Blue Box</label>
                    </option>
					<option name="green_box" value="green-box">
                        <label translate="true">Green Box</label>
                    </option>
					<option name="violet_box" value="violet-box">
                        <label translate="true">Violet Box</label>
                    </option>
					<option name="red_dark_box" value="red-dark-box">
                        <label translate="true">Red Dark Box</label>
                    </option>
                </options>
            </parameter>
			<parameter name="identify" xsi:type="text" required="true" visible="true">
                <label translate="true">Identify</label>
            </parameter>
			<parameter name="category_id" xsi:type="text" required="true" visible="true">
                <label translate="true">Category Ids</label>
            </parameter>
			<parameter name="limit_qty" xsi:type="text" required="false" visible="true">
                <label translate="true">Limit Qty Products of Category</label>
            </parameter>
            <parameter name="show_pager" xsi:type="select" visible="true"
                       source_model="Magento\Config\Model\Config\Source\Yesno">
                <label translate="true">Display Page Control</label>
            </parameter>
			<parameter name="slide_row" xsi:type="select" required="true" visible="true">
                <label translate="true">Qty Row of grid</label>
                <options>
                    <option name="row_1" value="1" selected="true">
                        <label translate="true">1 Row</label>
                    </option>
                    <option name="row_2" value="2">
                        <label translate="true">2 Rows</label>
                    </option>
                    <option name="row_3" value="3">
                        <label translate="true">3 Rows</label>
                    </option>
                </options>
            </parameter>
			<parameter name="slide_limit" xsi:type="text" required="true" visible="true">
                <label translate="true">Slide columns Qty</label>
                <value>4</value>
            </parameter>
            <parameter name="default" xsi:type="text" required="true" visible="true">
                <label translate="true">Items Default</label>
            </parameter>
            <parameter name="desktop" xsi:type="text" required="true" visible="true">
                <label translate="true">Items On Desktop</label>
            </parameter>
            <parameter name="desktop_small" xsi:type="text" required="true" visible="true">
                <label translate="true">Items On Desktop Small</label>
            </parameter>
            <parameter name="tablet" xsi:type="text" required="true" visible="true">
                <label translate="true">Items On Tablet</label>
            </parameter>
            <parameter name="mobile" xsi:type="text" required="true" visible="true">
                <label translate="true">items On Mobile</label>
                
            </parameter>
			<parameter name="template" xsi:type="select" required="true" visible="true">
                <label translate="true">Template</label>
                <options>
                    <option name="default" value="categorytab/grid.phtml" selected="true">
                        <label translate="true">Products Grid Template</label>
                    </option>
                    <option name="grid2" value="categorytab/grid2.phtml">
                        <label translate="true">Products Grid2 Template</label>
                    </option>
					<option name="grid3" value="categorytab/grid3.phtml">
                        <label translate="true">Products Grid3 Template</label>
                    </option>
					<option name="grid4" value="categorytab/grid4.phtml">
                        <label translate="true">Products Grid4 Template</label>
                    </option>
					<option name="grid5" value="categorytab/grid5.phtml">
                        <label translate="true">Products Grid5 Template</label>
                    </option>
					<option name="grid6" value="categorytab/grid6.phtml">
                        <label translate="true">Products Grid6 Template</label>
                    </option>
					<option name="catthumbnail" value="categorytab/catthumbnail.phtml">
                        <label translate="true">Category Thumbnail Template</label>
                    </option>
                </options>
            </parameter>
            <parameter name="cache_lifetime" xsi:type="text" visible="true">
                <label translate="true">Cache Lifetime (Seconds)</label>
                <description translate="true">86400 by default, if not set. To refresh instantly, clear the Blocks HTML Output cache.</description>
            </parameter>
           
        </parameters>
        <containers>
            <container name="content">
                <template name="grid" value="default" />
            </container>
            <container name="content.top">
                <template name="grid" value="default" />
            </container>
            <container name="content.bottom">
                <template name="grid" value="default" />
            </container>
        </containers>
    </widget>
</widgets>
