<?xml version="1.0"?>
<config xmlns:xsi="http://www.w3.org/2001/XMLSchema-instance" xsi:noNamespaceSchemaLocation="../../../../../lib/internal/Magento/Framework/Acl/etc/acl.xsd">
	<acl>
	    <resources>
	        <resource id="Magento_Backend::admin">
				<resource id="Rokanthemes_RokanBase::rokanbase" title="Rokanthemes" translate="title" sortOrder="30">
					<resource id="Rokanthemes_SlideBanner::slidebanner" title="SlideShow" sortOrder="10">
						<resource id="Rokanthemes_SlideBanner::slider" title="Manage Sliders" sortOrder="10" />
						<resource id="Rokanthemes_SlideBanner::slide" title="Manage Slider items" sortOrder="10" />
					</resource>
	        	</resource>
	        </resource>
	    </resources>
	</acl>
</config>
