<?xml version="1.0"?>
<!--
/**
 * Rokanthemes Infotech
 * Rokanthemes Instagram Extension
 * 
 * @category   Rokanthemes
 * @package    Rokanthemes_Instagram
 * @copyright  Copyright © 2006-2016 Rokanthemes (https://www.rokanthemesinfotech.com)
 * @license    https://www.rokanthemesinfotech.com/magento-extension-license/
 */
-->
<config xmlns:xsi="http://www.w3.org/2001/XMLSchema-instance" xsi:noNamespaceSchemaLocation="../../../../../lib/internal/Magento/Framework/Acl/etc/acl.xsd">
    <acl>
        <resources>
            <resource id="Magento_Backend::admin">
                <resource id="Magento_Backend::stores">
                    <resource id="Magento_Backend::stores_settings">
                        <resource id="Magento_Config::config">
                            <resource id="Rokanthemes_Instagram::instagram_config" title="Instagram"/>
                        </resource>
                    </resource>
                </resource>
            </resource>
        </resources>
    </acl>
</config>
