<?xml version="1.0" encoding="UTF-8"?>
<!--
/**
 * Rokanthemes Infotech
 * Rokanthemes Instagram Extension
 * 
 * @category   Rokanthemes
 * @package    Rokanthemes_Instagram
 * @copyright  Copyright © 2006-2016 Rokanthemes (https://www.rokanthemesinfotech.com)
 * @license    https://www.rokanthemesinfotech.com/magento-extension-license/
 */
-->
<widgets xmlns:xsi="http://www.w3.org/2001/XMLSchema-instance" xsi:noNamespaceSchemaLocation="urn:magento:module:Magento_Widget:etc/widget.xsd">
    <widget id="instagramwidget" class="Rokanthemes\Instagram\Block\Widget\Instagram">
        <label translate="true">Instagram widget</label>
        <description>Instagram widget</description>
        <parameters>
            <parameter name="title" xsi:type="text" visible="true" required="true" sort_order="10" >
                <label translate="true">Title</label>
            </parameter>
			<parameter name="description" xsi:type="text" visible="true" required="true" sort_order="10" >
                <label translate="true">Description</label> 
            </parameter>
            <parameter name="numberimage" xsi:type="text" visible="true" required="true" sort_order="20" >
                <label translate="true">Number Of Image</label>
            </parameter>
        </parameters>
    </widget> 
</widgets>