<?xml version="1.0"?>
<config xmlns:xsi="http://www.w3.org/2001/XMLSchema-instance" xsi:noNamespaceSchemaLocation="urn:magento:framework:ObjectManager/etc/config.xsd">
    <virtualType name="Magento\Catalog\Ui\DataProvider\Product\Form\Modifier\Pool" type="Magento\Ui\DataProvider\Modifier\Pool">
        <arguments>
            <argument name="modifiers" xsi:type="array">
                <item name="pricetab" xsi:type="array">
                    <item name="class" xsi:type="string">Setblue\PriceDecimal\Ui\DataProvider\Product\Modifier\Price</item>
                    <item name="sortOrder" xsi:type="number">200</item>
                </item>
            </argument>
        </arguments>
    </virtualType>
</config>
