<?xml version="1.0"?>
<!--
/**
 * Copyright © 2015 Magento. All rights reserved.
 * See COPYING.txt for license details.
 */
-->
<config xmlns:xsi="http://www.w3.org/2001/XMLSchema-instance" xsi:noNamespaceSchemaLocation="../../../Config/etc/system_file.xsd">
    <system>
        <section id="bestsellerproduct" translate="label" type="text" sortOrder="300" showInDefault="1" showInWebsite="1" showInStore="1">
            <class>separator-top</class>
            <label>Bestseller Product</label>
            <tab>rokanthemes</tab>
			<resource>Rokanthemes_BestsellerProduct::rokanbase_bestseller</resource>
            <group id="bestsellerproduct_config" translate="label" type="text" sortOrder="10" showInDefault="1" showInWebsite="1" showInStore="1">
                <label>Bestseller Config</label>
                <field id="enabled" translate="label comment" type="select" sortOrder="0"  showInDefault="1" showInWebsite="1" showInStore="1">
                    <label>Enable</label>
                    <source_model>Magento\Config\Model\Config\Source\Yesno</source_model>
                </field>
				<field id="auto" translate="label comment" type="select" sortOrder="10"  showInDefault="1" showInWebsite="1" showInStore="1">
                    <label>Auto slide:</label>
                    <source_model>Magento\Config\Model\Config\Source\Yesno</source_model>
                </field>
				<field id="title" translate="label comment" type="text" sortOrder="20" showInDefault="1" showInWebsite="1" showInStore="1">
                    <label>Title:</label>
                    <comment>Block Title</comment>
                </field>
                <field id="subtitle" translate="label comment" type="text" sortOrder="20" showInDefault="1" showInWebsite="1" showInStore="1">
                    <label>Description:</label>
                    <comment>Description</comment>
                </field>
				<field id="speed" translate="label comment" type="text" sortOrder="30" showInDefault="1" showInWebsite="1" showInStore="1">
                    <label>Slideshow Speed:</label>
                    <comment>Timer Title</comment>
                </field>				
				<field id="show_price" translate="label comment" type="select" sortOrder="40"  showInDefault="1" showInWebsite="1" showInStore="1">
                    <label>Show Price:</label>
                    <source_model>Magento\Config\Model\Config\Source\Yesno</source_model>
                </field>			
				<field id="addtocart" translate="label comment" type="select" sortOrder="50"  showInDefault="1" showInWebsite="1" showInStore="1">
                    <label>Show Add to cart:</label>
                    <source_model>Magento\Config\Model\Config\Source\Yesno</source_model>
                </field>		
				<field id="addtowishlist" translate="label comment" type="select" sortOrder="60"  showInDefault="1" showInWebsite="1" showInStore="1">
                    <label>Show Add to Wishlist:</label>
                    <source_model>Magento\Config\Model\Config\Source\Yesno</source_model>
                </field>	
				<field id="review" translate="label comment" type="select" sortOrder="80"  showInDefault="1" showInWebsite="1" showInStore="1">
                    <label>Show Review Rating:</label>
                    <source_model>Magento\Config\Model\Config\Source\Yesno</source_model>
                </field>
				<field id="qty" translate="label comment" type="text" sortOrder="110" showInDefault="1" showInWebsite="1" showInStore="1">
                    <label>Qty of Product:</label>
                </field>
				<field id="itemsDefault" translate="label comment" type="text" sortOrder="120" showInDefault="1" showInWebsite="1" showInStore="1">
                    <label>Items Default:</label>
                </field>
				<field id="itemsDesktop" translate="label comment" type="text" sortOrder="130" showInDefault="1" showInWebsite="1" showInStore="1">
                    <label>Items On Desktop:</label>
                </field>
				<field id="itemsDesktopSmall" translate="label comment" type="text" sortOrder="130" showInDefault="1" showInWebsite="1" showInStore="1">
                    <label>Items On Desktop Small:</label>
                </field>
				<field id="itemsTablet" translate="label comment" type="text" sortOrder="130" showInDefault="1" showInWebsite="1" showInStore="1">
                    <label>Items On Tablet:</label>
                </field>
				<field id="itemsMobile" translate="label comment" type="text" sortOrder="130" showInDefault="1" showInWebsite="1" showInStore="1">
                    <label>Items On Mobile:</label>
                </field>
				<field id="row_show" translate="label comment" type="text" sortOrder="130" showInDefault="1" showInWebsite="1" showInStore="1">
                    <label>Number Rows Show:</label>
                </field>
				<!-- <field id="width_thumbnail" translate="label comment" type="text" sortOrder="130" showInDefault="1" showInWebsite="1" showInStore="1">
                    <label>Width of Thumbnail:</label>
                </field>
				<field id="height_thumbnail" translate="label comment" type="text" sortOrder="130" showInDefault="1" showInWebsite="1" showInStore="1">
                    <label>Height of Thumbnail:</label>
                </field> -->
				<field id="next_back" translate="label comment" type="select" sortOrder="130"  showInDefault="1" showInWebsite="1" showInStore="1">
                    <label>Show Next/Back control:</label>
                    <source_model>Magento\Config\Model\Config\Source\Yesno</source_model>
                </field>
				<field id="nav_ctrl" translate="label comment" type="select" sortOrder="90"  showInDefault="1" showInWebsite="1" showInStore="1">
                    <label>Show navigation control:</label>
                    <source_model>Magento\Config\Model\Config\Source\Yesno</source_model>
                </field>
            </group>
        </section>
    </system>
</config>
